MHCI_a1,MHCI_a2,MHCII_a,MHCII_b
1A,91A,1A,1A
1B,91B,1B,1B
1C,91C,1C,1C
1D,91D,1D,1D
1E,91E,1E,1E
1F,91F,1F,1F
1G,91G,1G,1G
1H,91H,1H,1H
1I,91I,1I,1I
1J,91J,1J,1J
1,91,1,1
2,92,2,2
3,93,3,3
4,94,4,4
5,95,5,5
6,96,6,6
7,97,7,7
7A,97A,7A,7A
8,98,8,8
9,99,9,9
10,100,10,10
11,101,11,11
12,102,12,12
13,103,13,13
14,104,14,14
15,105,14A,15
16,106,14B,16
17,107,14C,17
18,108,14D,18
19,109,15,19
20,110,16,20
21,111,17,21
22,112,18,22
23,113,19,23
24,114,20,24
25,115,21,25
26,116,22,26
27,117,23,27
28,118,24,28
29,119,25,29
30,120,26,30
31,121,27,31
32,122,28,32
33,123,29,33
34,124,30,34
35,125,31,35
36,126,32,36
37,127,33,37
38,128,34,38
39,129,35,39
40,129A,35A,39A
41,129B,35B,39B
42,130,36,40
43,131,37,41
44,132,38,42
45,133,39,43
46,134,40,44
47,135,41,45
48,136,42,46
49,137,43,47
49A,137A,43A,47A
49B,137B,43B,47B
49C,137C,43C,47C
49D,137D,43D,47D
49E,137E,43E,47E
49F,137F,43F,47F
49G,137G,43G,47G
50,138,44,48
51,139,45,49
52,140,46,50
53,141,47,51
54,142,48,52
54A,142A,48A,52A
54B,142B,48B,52B
54C,142C,48C,52C
55,143,48D,53
56,144,48E,54
57,145,48F,55
58,146,48G,56
59,147,49,57
60,148,50,58
61,149,51,59
61A,150,51A,60
61B,150A,51B,61
62,151,52,62
63,152,53,63
64,153,54,64
65,154,55,65
66,155,56,66
67,156,57,67
68,157,58,68
69,158,59,69
70,159,60,70
71,160,61,71
72,161,62,72
72A,162,62A,73
73,163,63,74
74,164,64,75
75,165,65,76
76,166,66,77
77,167,67,78
78,168,68,79
79,169,69,80
80,170,70,81
81,171,71,82
82,172,72,83
83,173,73,84
84,174,74,85
85,175,75,86
86,176,76,87
87,177,77,88
88,178,78,89
89,179,79,90
90,180,80,90A
90A,181,81,90B
90B,182,82,90C
90C,181A,82A,90D
90D,181B,82B,90E
